{"type": "command", "pools": [{"rolls": 1, "entries": [{"type": "minecraft:item", "name": "minecraft:red_mushroom", "weight": 1}, {"type": "minecraft:item", "name": "minecraft:brown_mushroom", "weight": 1}, {"type": "minecraft:item", "name": "minecraft:cactus", "weight": 1}, {"type": "minecraft:item", "weight": 1, "name": "minecraft:quartz", "functions": [{"function": "minecraft:set_count", "count": 4}]}, {"type": "minecraft:item", "name": "minecraft:sugar_cane", "weight": 1}, {"type": "minecraft:item", "weight": 1, "name": "minecraft:glowstone_dust", "functions": [{"function": "minecraft:set_count", "count": 3}]}, {"type": "minecraft:item", "name": "minecraft:pumpkin_seeds", "weight": 1}, {"type": "minecraft:item", "name": "minecraft:melon_seeds", "weight": 1}]}]}